<?xml version="1.0" encoding="UTF-8"?>
<simplicite xmlns:xsi="http://www.w3.org/2001/XMLSchema-instance" xmlns="http://www.simplicite.fr/base" xsi:schemaLocation="http://www.simplicite.fr/base https://www.simplicite.io/resources/schemas/base.xsd">
<object>
	<name>ISOCurrency</name>
	<action>upsert</action>
	<data>
		<isoCurName>ADB Unit of Account</isoCurName>
		<isoCurCode>XUA</isoCurCode>
		<isoCurNum>965</isoCurNum>
	</data>
	<data>
		<isoCurName>Afghan afghani</isoCurName>
		<isoCurCode>AFN</isoCurCode>
		<isoCurNum>971</isoCurNum>
	</data>
	<data>
		<isoCurName>Albanian lek</isoCurName>
		<isoCurCode>ALL</isoCurCode>
		<isoCurNum>8</isoCurNum>
	</data>
	<data>
		<isoCurName>Algerian dinar</isoCurName>
		<isoCurCode>DZD</isoCurCode>
		<isoCurNum>12</isoCurNum>
	</data>
	<data>
		<isoCurName>Angolan kwanza</isoCurName>
		<isoCurCode>AOA</isoCurCode>
		<isoCurNum>973</isoCurNum>
	</data>
	<data>
		<isoCurName>Argentine peso</isoCurName>
		<isoCurCode>ARS</isoCurCode>
		<isoCurNum>32</isoCurNum>
	</data>
	<data>
		<isoCurName>Armenian dram</isoCurName>
		<isoCurCode>AMD</isoCurCode>
		<isoCurNum>51</isoCurNum>
	</data>
	<data>
		<isoCurName>Aruban florin</isoCurName>
		<isoCurCode>AWG</isoCurCode>
		<isoCurNum>533</isoCurNum>
	</data>
	<data>
		<isoCurName>Australian dollar</isoCurName>
		<isoCurCode>AUD</isoCurCode>
		<isoCurNum>36</isoCurNum>
	</data>
	<data>
		<isoCurName>Azerbaijani manat</isoCurName>
		<isoCurCode>AZN</isoCurCode>
		<isoCurNum>944</isoCurNum>
	</data>
	<data>
		<isoCurName>Bahamian dollar</isoCurName>
		<isoCurCode>BSD</isoCurCode>
		<isoCurNum>44</isoCurNum>
	</data>
	<data>
		<isoCurName>Bahraini dinar</isoCurName>
		<isoCurCode>BHD</isoCurCode>
		<isoCurNum>48</isoCurNum>
	</data>
	<data>
		<isoCurName>Bangladeshi taka</isoCurName>
		<isoCurCode>BDT</isoCurCode>
		<isoCurNum>50</isoCurNum>
	</data>
	<data>
		<isoCurName>Barbados dollar</isoCurName>
		<isoCurCode>BBD</isoCurCode>
		<isoCurNum>52</isoCurNum>
	</data>
	<data>
		<isoCurName>Belarusian ruble</isoCurName>
		<isoCurCode>BYN</isoCurCode>
		<isoCurNum>933</isoCurNum>
	</data>
	<data>
		<isoCurName>Belize dollar</isoCurName>
		<isoCurCode>BZD</isoCurCode>
		<isoCurNum>84</isoCurNum>
	</data>
	<data>
		<isoCurName>Bermudian dollar</isoCurName>
		<isoCurCode>BMD</isoCurCode>
		<isoCurNum>60</isoCurNum>
	</data>
	<data>
		<isoCurName>Bhutanese ngultrum</isoCurName>
		<isoCurCode>BTN</isoCurCode>
		<isoCurNum>64</isoCurNum>
	</data>
	<data>
		<isoCurName>Bolivian Mvdol (funds code)</isoCurName>
		<isoCurCode>BOV</isoCurCode>
		<isoCurNum>984</isoCurNum>
	</data>
	<data>
		<isoCurName>Boliviano</isoCurName>
		<isoCurCode>BOB</isoCurCode>
		<isoCurNum>68</isoCurNum>
	</data>
	<data>
		<isoCurName>Bosnia and Herzegovina convertible mark</isoCurName>
		<isoCurCode>BAM</isoCurCode>
		<isoCurNum>977</isoCurNum>
	</data>
	<data>
		<isoCurName>Botswana pula</isoCurName>
		<isoCurCode>BWP</isoCurCode>
		<isoCurNum>72</isoCurNum>
	</data>
	<data>
		<isoCurName>Brazilian real</isoCurName>
		<isoCurCode>BRL</isoCurCode>
		<isoCurNum>986</isoCurNum>
	</data>
	<data>
		<isoCurName>Brunei dollar</isoCurName>
		<isoCurCode>BND</isoCurCode>
		<isoCurNum>96</isoCurNum>
	</data>
	<data>
		<isoCurName>Bulgarian lev</isoCurName>
		<isoCurCode>BGN</isoCurCode>
		<isoCurNum>975</isoCurNum>
	</data>
	<data>
		<isoCurName>Burundian franc</isoCurName>
		<isoCurCode>BIF</isoCurCode>
		<isoCurNum>108</isoCurNum>
	</data>
	<data>
		<isoCurName>Cambodian riel</isoCurName>
		<isoCurCode>KHR</isoCurCode>
		<isoCurNum>116</isoCurNum>
	</data>
	<data>
		<isoCurName>Canadian dollar</isoCurName>
		<isoCurCode>CAD</isoCurCode>
		<isoCurNum>124</isoCurNum>
	</data>
	<data>
		<isoCurName>Cape Verde escudo</isoCurName>
		<isoCurCode>CVE</isoCurCode>
		<isoCurNum>132</isoCurNum>
	</data>
	<data>
		<isoCurName>Cayman Islands dollar</isoCurName>
		<isoCurCode>KYD</isoCurCode>
		<isoCurNum>136</isoCurNum>
	</data>
	<data>
		<isoCurName>CFA franc BCEAO</isoCurName>
		<isoCurCode>XOF</isoCurCode>
		<isoCurNum>952</isoCurNum>
	</data>
	<data>
		<isoCurName>CFA franc BEAC</isoCurName>
		<isoCurCode>XAF</isoCurCode>
		<isoCurNum>950</isoCurNum>
	</data>
	<data>
		<isoCurName>CFP franc (franc Pacifique)</isoCurName>
		<isoCurCode>XPF</isoCurCode>
		<isoCurNum>953</isoCurNum>
	</data>
	<data>
		<isoCurName>Chilean peso</isoCurName>
		<isoCurCode>CLP</isoCurCode>
		<isoCurNum>152</isoCurNum>
	</data>
	<data>
		<isoCurName>Code reserved for testing purposes</isoCurName>
		<isoCurCode>XTS</isoCurCode>
		<isoCurNum>963</isoCurNum>
	</data>
	<data>
		<isoCurName>Colombian peso</isoCurName>
		<isoCurCode>COP</isoCurCode>
		<isoCurNum>170</isoCurNum>
	</data>
	<data>
		<isoCurName>Comoro franc</isoCurName>
		<isoCurCode>KMF</isoCurCode>
		<isoCurNum>174</isoCurNum>
	</data>
	<data>
		<isoCurName>Congolese franc</isoCurName>
		<isoCurCode>CDF</isoCurCode>
		<isoCurNum>976</isoCurNum>
	</data>
	<data>
		<isoCurName>Costa Rican colon</isoCurName>
		<isoCurCode>CRC</isoCurCode>
		<isoCurNum>188</isoCurNum>
	</data>
	<data>
		<isoCurName>Croatian kuna</isoCurName>
		<isoCurCode>HRK</isoCurCode>
		<isoCurNum>191</isoCurNum>
	</data>
	<data>
		<isoCurName>Cuban convertible peso</isoCurName>
		<isoCurCode>CUC</isoCurCode>
		<isoCurNum>931</isoCurNum>
	</data>
	<data>
		<isoCurName>Cuban peso</isoCurName>
		<isoCurCode>CUP</isoCurCode>
		<isoCurNum>192</isoCurNum>
	</data>
	<data>
		<isoCurName>Czech koruna</isoCurName>
		<isoCurCode>CZK</isoCurCode>
		<isoCurNum>203</isoCurNum>
	</data>
	<data>
		<isoCurName>Danish krone</isoCurName>
		<isoCurCode>DKK</isoCurCode>
		<isoCurNum>208</isoCurNum>
	</data>
	<data>
		<isoCurName>Djiboutian franc</isoCurName>
		<isoCurCode>DJF</isoCurCode>
		<isoCurNum>262</isoCurNum>
	</data>
	<data>
		<isoCurName>Dominican peso</isoCurName>
		<isoCurCode>DOP</isoCurCode>
		<isoCurNum>214</isoCurNum>
	</data>
	<data>
		<isoCurName>East Caribbean dollar</isoCurName>
		<isoCurCode>XCD</isoCurCode>
		<isoCurNum>951</isoCurNum>
	</data>
	<data>
		<isoCurName>Egyptian pound</isoCurName>
		<isoCurCode>EGP</isoCurCode>
		<isoCurNum>818</isoCurNum>
	</data>
	<data>
		<isoCurName>Eritrean nakfa</isoCurName>
		<isoCurCode>ERN</isoCurCode>
		<isoCurNum>232</isoCurNum>
	</data>
	<data>
		<isoCurName>Ethiopian birr</isoCurName>
		<isoCurCode>ETB</isoCurCode>
		<isoCurNum>230</isoCurNum>
	</data>
	<data>
		<isoCurName>Euro</isoCurName>
		<isoCurCode>EUR</isoCurCode>
		<isoCurNum>978</isoCurNum>
	</data>
	<data>
		<isoCurName>European Composite Unit (EURCO) (bond market unit)</isoCurName>
		<isoCurCode>XBA</isoCurCode>
		<isoCurNum>955</isoCurNum>
	</data>
	<data>
		<isoCurName>European Monetary Unit (E.M.U.-6) (bond market unit)</isoCurName>
		<isoCurCode>XBB</isoCurCode>
		<isoCurNum>956</isoCurNum>
	</data>
	<data>
		<isoCurName>European Unit of Account 17 (E.U.A.-17) (bond market unit)</isoCurName>
		<isoCurCode>XBD</isoCurCode>
		<isoCurNum>958</isoCurNum>
	</data>
	<data>
		<isoCurName>European Unit of Account 9 (E.U.A.-9) (bond market unit)</isoCurName>
		<isoCurCode>XBC</isoCurCode>
		<isoCurNum>957</isoCurNum>
	</data>
	<data>
		<isoCurName>Falkland Islands pound</isoCurName>
		<isoCurCode>FKP</isoCurCode>
		<isoCurNum>238</isoCurNum>
	</data>
	<data>
		<isoCurName>Fiji dollar</isoCurName>
		<isoCurCode>FJD</isoCurCode>
		<isoCurNum>242</isoCurNum>
	</data>
	<data>
		<isoCurName>Gambian dalasi</isoCurName>
		<isoCurCode>GMD</isoCurCode>
		<isoCurNum>270</isoCurNum>
	</data>
	<data>
		<isoCurName>Georgian lari</isoCurName>
		<isoCurCode>GEL</isoCurCode>
		<isoCurNum>981</isoCurNum>
	</data>
	<data>
		<isoCurName>Ghanaian cedi</isoCurName>
		<isoCurCode>GHS</isoCurCode>
		<isoCurNum>936</isoCurNum>
	</data>
	<data>
		<isoCurName>Gibraltar pound</isoCurName>
		<isoCurCode>GIP</isoCurCode>
		<isoCurNum>292</isoCurNum>
	</data>
	<data>
		<isoCurName>Gold (one troy ounce)</isoCurName>
		<isoCurCode>XAU</isoCurCode>
		<isoCurNum>959</isoCurNum>
	</data>
	<data>
		<isoCurName>Guatemalan quetzal</isoCurName>
		<isoCurCode>GTQ</isoCurCode>
		<isoCurNum>320</isoCurNum>
	</data>
	<data>
		<isoCurName>Guinean franc</isoCurName>
		<isoCurCode>GNF</isoCurCode>
		<isoCurNum>324</isoCurNum>
	</data>
	<data>
		<isoCurName>Guyanese dollar</isoCurName>
		<isoCurCode>GYD</isoCurCode>
		<isoCurNum>328</isoCurNum>
	</data>
	<data>
		<isoCurName>Haitian gourde</isoCurName>
		<isoCurCode>HTG</isoCurCode>
		<isoCurNum>332</isoCurNum>
	</data>
	<data>
		<isoCurName>Honduran lempira</isoCurName>
		<isoCurCode>HNL</isoCurCode>
		<isoCurNum>340</isoCurNum>
	</data>
	<data>
		<isoCurName>Hong Kong dollar</isoCurName>
		<isoCurCode>HKD</isoCurCode>
		<isoCurNum>344</isoCurNum>
	</data>
	<data>
		<isoCurName>Hungarian forint</isoCurName>
		<isoCurCode>HUF</isoCurCode>
		<isoCurNum>348</isoCurNum>
	</data>
	<data>
		<isoCurName>Icelandic króna</isoCurName>
		<isoCurCode>ISK</isoCurCode>
		<isoCurNum>352</isoCurNum>
	</data>
	<data>
		<isoCurName>Indian rupee</isoCurName>
		<isoCurCode>INR</isoCurCode>
		<isoCurNum>356</isoCurNum>
	</data>
	<data>
		<isoCurName>Indonesian rupiah</isoCurName>
		<isoCurCode>IDR</isoCurCode>
		<isoCurNum>360</isoCurNum>
	</data>
	<data>
		<isoCurName>Iranian rial</isoCurName>
		<isoCurCode>IRR</isoCurCode>
		<isoCurNum>364</isoCurNum>
	</data>
	<data>
		<isoCurName>Iraqi dinar</isoCurName>
		<isoCurCode>IQD</isoCurCode>
		<isoCurNum>368</isoCurNum>
	</data>
	<data>
		<isoCurName>Israeli new shekel</isoCurName>
		<isoCurCode>ILS</isoCurCode>
		<isoCurNum>376</isoCurNum>
	</data>
	<data>
		<isoCurName>Jamaican dollar</isoCurName>
		<isoCurCode>JMD</isoCurCode>
		<isoCurNum>388</isoCurNum>
	</data>
	<data>
		<isoCurName>Japanese yen</isoCurName>
		<isoCurCode>JPY</isoCurCode>
		<isoCurNum>392</isoCurNum>
	</data>
	<data>
		<isoCurName>Jordanian dinar</isoCurName>
		<isoCurCode>JOD</isoCurCode>
		<isoCurNum>400</isoCurNum>
	</data>
	<data>
		<isoCurName>Kazakhstani tenge</isoCurName>
		<isoCurCode>KZT</isoCurCode>
		<isoCurNum>398</isoCurNum>
	</data>
	<data>
		<isoCurName>Kenyan shilling</isoCurName>
		<isoCurCode>KES</isoCurCode>
		<isoCurNum>404</isoCurNum>
	</data>
	<data>
		<isoCurName>Kuwaiti dinar</isoCurName>
		<isoCurCode>KWD</isoCurCode>
		<isoCurNum>414</isoCurNum>
	</data>
	<data>
		<isoCurName>Kyrgyzstani som</isoCurName>
		<isoCurCode>KGS</isoCurCode>
		<isoCurNum>417</isoCurNum>
	</data>
	<data>
		<isoCurName>Lao kip</isoCurName>
		<isoCurCode>LAK</isoCurCode>
		<isoCurNum>418</isoCurNum>
	</data>
	<data>
		<isoCurName>Lebanese pound</isoCurName>
		<isoCurCode>LBP</isoCurCode>
		<isoCurNum>422</isoCurNum>
	</data>
	<data>
		<isoCurName>Lesotho loti</isoCurName>
		<isoCurCode>LSL</isoCurCode>
		<isoCurNum>426</isoCurNum>
	</data>
	<data>
		<isoCurName>Liberian dollar</isoCurName>
		<isoCurCode>LRD</isoCurCode>
		<isoCurNum>430</isoCurNum>
	</data>
	<data>
		<isoCurName>Libyan dinar</isoCurName>
		<isoCurCode>LYD</isoCurCode>
		<isoCurNum>434</isoCurNum>
	</data>
	<data>
		<isoCurName>Macanese pataca</isoCurName>
		<isoCurCode>MOP</isoCurCode>
		<isoCurNum>446</isoCurNum>
	</data>
	<data>
		<isoCurName>Macedonian denar</isoCurName>
		<isoCurCode>MKD</isoCurCode>
		<isoCurNum>807</isoCurNum>
	</data>
	<data>
		<isoCurName>Malagasy ariary</isoCurName>
		<isoCurCode>MGA</isoCurCode>
		<isoCurNum>969</isoCurNum>
	</data>
	<data>
		<isoCurName>Malawian kwacha</isoCurName>
		<isoCurCode>MWK</isoCurCode>
		<isoCurNum>454</isoCurNum>
	</data>
	<data>
		<isoCurName>Malaysian ringgit</isoCurName>
		<isoCurCode>MYR</isoCurCode>
		<isoCurNum>458</isoCurNum>
	</data>
	<data>
		<isoCurName>Maldivian rufiyaa</isoCurName>
		<isoCurCode>MVR</isoCurCode>
		<isoCurNum>462</isoCurNum>
	</data>
	<data>
		<isoCurName>Mauritanian ouguiya</isoCurName>
		<isoCurCode>MRU</isoCurCode>
		<isoCurNum>929</isoCurNum>
	</data>
	<data>
		<isoCurName>Mauritian rupee</isoCurName>
		<isoCurCode>MUR</isoCurCode>
		<isoCurNum>480</isoCurNum>
	</data>
	<data>
		<isoCurName>Mexican peso</isoCurName>
		<isoCurCode>MXN</isoCurCode>
		<isoCurNum>484</isoCurNum>
	</data>
	<data>
		<isoCurName>Mexican Unidad de Inversion (UDI) (funds code)</isoCurName>
		<isoCurCode>MXV</isoCurCode>
		<isoCurNum>979</isoCurNum>
	</data>
	<data>
		<isoCurName>Moldovan leu</isoCurName>
		<isoCurCode>MDL</isoCurCode>
		<isoCurNum>498</isoCurNum>
	</data>
	<data>
		<isoCurName>Mongolian tögrög</isoCurName>
		<isoCurCode>MNT</isoCurCode>
		<isoCurNum>496</isoCurNum>
	</data>
	<data>
		<isoCurName>Moroccan dirham</isoCurName>
		<isoCurCode>MAD</isoCurCode>
		<isoCurNum>504</isoCurNum>
	</data>
	<data>
		<isoCurName>Mozambican metical</isoCurName>
		<isoCurCode>MZN</isoCurCode>
		<isoCurNum>943</isoCurNum>
	</data>
	<data>
		<isoCurName>Myanmar kyat</isoCurName>
		<isoCurCode>MMK</isoCurCode>
		<isoCurNum>104</isoCurNum>
	</data>
	<data>
		<isoCurName>Namibian dollar</isoCurName>
		<isoCurCode>NAD</isoCurCode>
		<isoCurNum>516</isoCurNum>
	</data>
	<data>
		<isoCurName>Nepalese rupee</isoCurName>
		<isoCurCode>NPR</isoCurCode>
		<isoCurNum>524</isoCurNum>
	</data>
	<data>
		<isoCurName>Netherlands Antillean guilder</isoCurName>
		<isoCurCode>ANG</isoCurCode>
		<isoCurNum>532</isoCurNum>
	</data>
	<data>
		<isoCurName>New Taiwan dollar</isoCurName>
		<isoCurCode>TWD</isoCurCode>
		<isoCurNum>901</isoCurNum>
	</data>
	<data>
		<isoCurName>New Zealand dollar</isoCurName>
		<isoCurCode>NZD</isoCurCode>
		<isoCurNum>554</isoCurNum>
	</data>
	<data>
		<isoCurName>Nicaraguan córdoba</isoCurName>
		<isoCurCode>NIO</isoCurCode>
		<isoCurNum>558</isoCurNum>
	</data>
	<data>
		<isoCurName>Nigerian naira</isoCurName>
		<isoCurCode>NGN</isoCurCode>
		<isoCurNum>566</isoCurNum>
	</data>
	<data>
		<isoCurName>No currency</isoCurName>
		<isoCurCode>XXX</isoCurCode>
		<isoCurNum>999</isoCurNum>
	</data>
	<data>
		<isoCurName>North Korean won</isoCurName>
		<isoCurCode>KPW</isoCurCode>
		<isoCurNum>408</isoCurNum>
	</data>
	<data>
		<isoCurName>Norwegian krone</isoCurName>
		<isoCurCode>NOK</isoCurCode>
		<isoCurNum>578</isoCurNum>
	</data>
	<data>
		<isoCurName>Omani rial</isoCurName>
		<isoCurCode>OMR</isoCurCode>
		<isoCurNum>512</isoCurNum>
	</data>
	<data>
		<isoCurName>Pakistani rupee</isoCurName>
		<isoCurCode>PKR</isoCurCode>
		<isoCurNum>586</isoCurNum>
	</data>
	<data>
		<isoCurName>Palladium (one troy ounce)</isoCurName>
		<isoCurCode>XPD</isoCurCode>
		<isoCurNum>964</isoCurNum>
	</data>
	<data>
		<isoCurName>Panamanian balboa</isoCurName>
		<isoCurCode>PAB</isoCurCode>
		<isoCurNum>590</isoCurNum>
	</data>
	<data>
		<isoCurName>Papua New Guinean kina</isoCurName>
		<isoCurCode>PGK</isoCurCode>
		<isoCurNum>598</isoCurNum>
	</data>
	<data>
		<isoCurName>Paraguayan guaraní</isoCurName>
		<isoCurCode>PYG</isoCurCode>
		<isoCurNum>600</isoCurNum>
	</data>
	<data>
		<isoCurName>Peruvian sol</isoCurName>
		<isoCurCode>PEN</isoCurCode>
		<isoCurNum>604</isoCurNum>
	</data>
	<data>
		<isoCurName><![CDATA[Philippine peso[14]]]></isoCurName>
		<isoCurCode>PHP</isoCurCode>
		<isoCurNum>608</isoCurNum>
	</data>
	<data>
		<isoCurName>Platinum (one troy ounce)</isoCurName>
		<isoCurCode>XPT</isoCurCode>
		<isoCurNum>962</isoCurNum>
	</data>
	<data>
		<isoCurName>Polish złoty</isoCurName>
		<isoCurCode>PLN</isoCurCode>
		<isoCurNum>985</isoCurNum>
	</data>
	<data>
		<isoCurName>Pound sterling</isoCurName>
		<isoCurCode>GBP</isoCurCode>
		<isoCurNum>826</isoCurNum>
	</data>
	<data>
		<isoCurName>Qatari riyal</isoCurName>
		<isoCurCode>QAR</isoCurCode>
		<isoCurNum>634</isoCurNum>
	</data>
	<data>
		<isoCurName><![CDATA[Renminbi (Chinese) yuan[8]]]></isoCurName>
		<isoCurCode>CNY</isoCurCode>
		<isoCurNum>156</isoCurNum>
	</data>
	<data>
		<isoCurName>Romanian leu</isoCurName>
		<isoCurCode>RON</isoCurCode>
		<isoCurNum>946</isoCurNum>
	</data>
	<data>
		<isoCurName>Russian ruble</isoCurName>
		<isoCurCode>RUB</isoCurCode>
		<isoCurNum>643</isoCurNum>
	</data>
	<data>
		<isoCurName>Rwandan franc</isoCurName>
		<isoCurCode>RWF</isoCurCode>
		<isoCurNum>646</isoCurNum>
	</data>
	<data>
		<isoCurName>Saint Helena pound</isoCurName>
		<isoCurCode>SHP</isoCurCode>
		<isoCurNum>654</isoCurNum>
	</data>
	<data>
		<isoCurName>Salvadoran colón</isoCurName>
		<isoCurCode>SVC</isoCurCode>
		<isoCurNum>222</isoCurNum>
	</data>
	<data>
		<isoCurName>Samoan tala</isoCurName>
		<isoCurCode>WST</isoCurCode>
		<isoCurNum>882</isoCurNum>
	</data>
	<data>
		<isoCurName>Saudi riyal</isoCurName>
		<isoCurCode>SAR</isoCurCode>
		<isoCurNum>682</isoCurNum>
	</data>
	<data>
		<isoCurName>Serbian dinar</isoCurName>
		<isoCurCode>RSD</isoCurCode>
		<isoCurNum>941</isoCurNum>
	</data>
	<data>
		<isoCurName>Seychelles rupee</isoCurName>
		<isoCurCode>SCR</isoCurCode>
		<isoCurNum>690</isoCurNum>
	</data>
	<data>
		<isoCurName>Sierra Leonean leone</isoCurName>
		<isoCurCode>SLL</isoCurCode>
		<isoCurNum>694</isoCurNum>
	</data>
	<data>
		<isoCurName>Silver (one troy ounce)</isoCurName>
		<isoCurCode>XAG</isoCurCode>
		<isoCurNum>961</isoCurNum>
	</data>
	<data>
		<isoCurName>Singapore dollar</isoCurName>
		<isoCurCode>SGD</isoCurCode>
		<isoCurNum>702</isoCurNum>
	</data>
	<data>
		<isoCurName>Solomon Islands dollar</isoCurName>
		<isoCurCode>SBD</isoCurCode>
		<isoCurNum>90</isoCurNum>
	</data>
	<data>
		<isoCurName>Somali shilling</isoCurName>
		<isoCurCode>SOS</isoCurCode>
		<isoCurNum>706</isoCurNum>
	</data>
	<data>
		<isoCurName>South African rand</isoCurName>
		<isoCurCode>ZAR</isoCurCode>
		<isoCurNum>710</isoCurNum>
	</data>
	<data>
		<isoCurName>South Korean won</isoCurName>
		<isoCurCode>KRW</isoCurCode>
		<isoCurNum>410</isoCurNum>
	</data>
	<data>
		<isoCurName>South Sudanese pound</isoCurName>
		<isoCurCode>SSP</isoCurCode>
		<isoCurNum>728</isoCurNum>
	</data>
	<data>
		<isoCurName>Special drawing rights</isoCurName>
		<isoCurCode>XDR</isoCurCode>
		<isoCurNum>960</isoCurNum>
	</data>
	<data>
		<isoCurName>Sri Lankan rupee</isoCurName>
		<isoCurCode>LKR</isoCurCode>
		<isoCurNum>144</isoCurNum>
	</data>
	<data>
		<isoCurName>SUCRE</isoCurName>
		<isoCurCode>XSU</isoCurCode>
		<isoCurNum>994</isoCurNum>
	</data>
	<data>
		<isoCurName>Sudanese pound</isoCurName>
		<isoCurCode>SDG</isoCurCode>
		<isoCurNum>938</isoCurNum>
	</data>
	<data>
		<isoCurName>Surinamese dollar</isoCurName>
		<isoCurCode>SRD</isoCurCode>
		<isoCurNum>968</isoCurNum>
	</data>
	<data>
		<isoCurName>Swazi lilangeni</isoCurName>
		<isoCurCode>SZL</isoCurCode>
		<isoCurNum>748</isoCurNum>
	</data>
	<data>
		<isoCurName>Swedish krona/kronor</isoCurName>
		<isoCurCode>SEK</isoCurCode>
		<isoCurNum>752</isoCurNum>
	</data>
	<data>
		<isoCurName>Swiss franc</isoCurName>
		<isoCurCode>CHF</isoCurCode>
		<isoCurNum>756</isoCurNum>
	</data>
	<data>
		<isoCurName>Syrian pound</isoCurName>
		<isoCurCode>SYP</isoCurCode>
		<isoCurNum>760</isoCurNum>
	</data>
	<data>
		<isoCurName>São Tomé and Príncipe dobra</isoCurName>
		<isoCurCode>STN</isoCurCode>
		<isoCurNum>930</isoCurNum>
	</data>
	<data>
		<isoCurName>Tajikistani somoni</isoCurName>
		<isoCurCode>TJS</isoCurCode>
		<isoCurNum>972</isoCurNum>
	</data>
	<data>
		<isoCurName>Tanzanian shilling</isoCurName>
		<isoCurCode>TZS</isoCurCode>
		<isoCurNum>834</isoCurNum>
	</data>
	<data>
		<isoCurName>Thai baht</isoCurName>
		<isoCurCode>THB</isoCurCode>
		<isoCurNum>764</isoCurNum>
	</data>
	<data>
		<isoCurName>Tongan paʻanga</isoCurName>
		<isoCurCode>TOP</isoCurCode>
		<isoCurNum>776</isoCurNum>
	</data>
	<data>
		<isoCurName>Trinidad and Tobago dollar</isoCurName>
		<isoCurCode>TTD</isoCurCode>
		<isoCurNum>780</isoCurNum>
	</data>
	<data>
		<isoCurName>Tunisian dinar</isoCurName>
		<isoCurCode>TND</isoCurCode>
		<isoCurNum>788</isoCurNum>
	</data>
	<data>
		<isoCurName>Turkish lira</isoCurName>
		<isoCurCode>TRY</isoCurCode>
		<isoCurNum>949</isoCurNum>
	</data>
	<data>
		<isoCurName>Turkmenistan manat</isoCurName>
		<isoCurCode>TMT</isoCurCode>
		<isoCurNum>934</isoCurNum>
	</data>
	<data>
		<isoCurName>Ugandan shilling</isoCurName>
		<isoCurCode>UGX</isoCurCode>
		<isoCurNum>800</isoCurNum>
	</data>
	<data>
		<isoCurName>Ukrainian hryvnia</isoCurName>
		<isoCurCode>UAH</isoCurCode>
		<isoCurNum>980</isoCurNum>
	</data>
	<data>
		<isoCurName>Unidad de Fomento (funds code)</isoCurName>
		<isoCurCode>CLF</isoCurCode>
		<isoCurNum>990</isoCurNum>
	</data>
	<data>
		<isoCurName><![CDATA[Unidad de Valor Real (UVR) (funds code)[9]]]></isoCurName>
		<isoCurCode>COU</isoCurCode>
		<isoCurNum>970</isoCurNum>
	</data>
	<data>
		<isoCurName><![CDATA[Unidad previsional[16]]]></isoCurName>
		<isoCurCode>UYW</isoCurCode>
		<isoCurNum>927</isoCurNum>
	</data>
	<data>
		<isoCurName>United Arab Emirates dirham</isoCurName>
		<isoCurCode>AED</isoCurCode>
		<isoCurNum>784</isoCurNum>
	</data>
	<data>
		<isoCurName>United States dollar</isoCurName>
		<isoCurCode>USD</isoCurCode>
		<isoCurNum>840</isoCurNum>
	</data>
	<data>
		<isoCurName>United States dollar (next day) (funds code)</isoCurName>
		<isoCurCode>USN</isoCurCode>
		<isoCurNum>997</isoCurNum>
	</data>
	<data>
		<isoCurName>Uruguay Peso en Unidades Indexadas (URUIURUI) (funds code)</isoCurName>
		<isoCurCode>UYI</isoCurCode>
		<isoCurNum>940</isoCurNum>
	</data>
	<data>
		<isoCurName>Uruguayan peso</isoCurName>
		<isoCurCode>UYU</isoCurCode>
		<isoCurNum>858</isoCurNum>
	</data>
	<data>
		<isoCurName>Uzbekistan som</isoCurName>
		<isoCurCode>UZS</isoCurCode>
		<isoCurNum>860</isoCurNum>
	</data>
	<data>
		<isoCurName>Vanuatu vatu</isoCurName>
		<isoCurCode>VUV</isoCurCode>
		<isoCurNum>548</isoCurNum>
	</data>
	<data>
		<isoCurName><![CDATA[Venezuelan bolívar soberano[14]]]></isoCurName>
		<isoCurCode>VES</isoCurCode>
		<isoCurNum>928</isoCurNum>
	</data>
	<data>
		<isoCurName>Vietnamese đồng</isoCurName>
		<isoCurCode>VND</isoCurCode>
		<isoCurNum>704</isoCurNum>
	</data>
	<data>
		<isoCurName>WIR Euro (complementary currency)</isoCurName>
		<isoCurCode>CHE</isoCurCode>
		<isoCurNum>947</isoCurNum>
	</data>
	<data>
		<isoCurName>WIR Franc (complementary currency)</isoCurName>
		<isoCurCode>CHW</isoCurCode>
		<isoCurNum>948</isoCurNum>
	</data>
	<data>
		<isoCurName>Yemeni rial</isoCurName>
		<isoCurCode>YER</isoCurCode>
		<isoCurNum>886</isoCurNum>
	</data>
	<data>
		<isoCurName>Zambian kwacha</isoCurName>
		<isoCurCode>ZMW</isoCurCode>
		<isoCurNum>967</isoCurNum>
	</data>
</object>
</simplicite>